[{"input":"3\n6 4\n11 1 13 21 3 7\n11 3 7 1\n6 3\n1 2 3 4 5 6\n1 2 4\n5 3\n19 5 3 23 19\n19 5 3","output":"Yes\nYes\nYes\n"},{"input":"3\n6 4\n11 1 13 21 3 7\n11 3 7 1\n6 3\n1 2 3 4 5 6\n1 2 7\n5 3\n19 5 3 23 19\n19 5 3","output":"Yes\nNo\nYes\n"},{"input":"3\n6 4\n11 1 13 21 3 7\n11 23 7 1\n6 3\n1 2 3 7 5 6\n1 2 7\n5 3\n19 5 3 23 19\n19 5 3","output":"No\nYes\nYes\n"},{"input":"3\n6 4\n11 1 13 21 3 7\n11 3 7 1\n6 3\n1 2 3 4 5 6\n1 2 4\n5 3\n10 5 2 23 19\n19 5 3","output":"Yes\nYes\nNo\n"},{"input":"3\n6 4\n11 1 13 21 3 7\n11 23 7 1\n6 3\n1 2 3 4 5 6\n1 2 7\n5 3\n19 5 3 23 19\n19 5 3","output":"No\nNo\nYes\n"}]